prompt_id;prompt_en;prompt_pl;paraphrase_en;paraphrase_pl;category
EXP_001;"Explain to a non-technical person why cloud storage does not eliminate the need for backups.";"Wyjaśnij osobie nietechnicznej, dlaczego przechowywanie plików w chmurze nie eliminuje potrzeby tworzenia kopii zapasowych.";"A person thinks that storing files in the cloud is enough protection. Explain why backups are still necessary.";"Pewna osoba uważa, że samo trzymanie plików w chmurze wystarcza. Wyjaśnij, dlaczego kopie zapasowe nadal są potrzebne.";"wyjaśniające"
EXP_002;"Explain to a high school student why lack of sleep reduces concentration and memory.";"Wyjaśnij uczniowi szkoły średniej, dlaczego brak snu pogarsza koncentrację i pamięć.";"Why does too little sleep make it harder to focus and remember things? Explain it to a teenager.";"Dlaczego zbyt mała ilość snu utrudnia skupienie i zapamiętywanie? Wyjaśnij to nastolatkowi.";"wyjaśniające"
EXP_003;"Explain in simple terms why correlation does not automatically mean causation.";"Wyjaśnij prostymi słowami, dlaczego korelacja nie oznacza automatycznie związku przyczynowego.";"Someone sees two things change together and assumes one causes the other. Explain why that may be wrong.";"Ktoś widzi, że dwie rzeczy zmieniają się razem i zakłada, że jedna powoduje drugą. Wyjaśnij, dlaczego to może być błędne.";"wyjaśniające"
EXP_004;"Explain why traffic jams can form even when there is no accident on the road.";"Wyjaśnij, dlaczego korki mogą tworzyć się nawet wtedy, gdy na drodze nie doszło do żadnego wypadku.";"How can a traffic jam appear without any crash or road closure? Explain it in an accessible way.";"Jak może powstać korek bez wypadku i bez zamknięcia drogi? Wyjaśnij to w przystępny sposób.";"wyjaśniające"
EXP_005;"Explain to a beginner investor why diversification lowers risk but cannot remove it completely.";"Wyjaśnij początkującemu inwestorowi, dlaczego dywersyfikacja zmniejsza ryzyko, ale nie usuwa go całkowicie.";"Why is spreading investments across assets helpful, but not a guarantee against losses? Explain it simply.";"Dlaczego rozłożenie inwestycji na różne aktywa pomaga, ale nie daje gwarancji braku strat? Wyjaśnij to prosto.";"wyjaśniające"
EXP_006;"Explain why antibiotics do not work against viruses.";"Wyjaśnij, dlaczego antybiotyki nie działają na wirusy.";"A person thinks antibiotics should help with any infection. Explain why they do not treat viral illnesses.";"Pewna osoba uważa, że antybiotyki powinny pomagać przy każdej infekcji. Wyjaśnij, dlaczego nie leczą chorób wirusowych.";"wyjaśniające"
EXP_007;"Explain why a random sample is usually more reliable than a convenient sample.";"Wyjaśnij, dlaczego losowa próba jest zwykle bardziej wiarygodna niż próba dobrana wygodnie.";"Why do researchers prefer random sampling over asking only the easiest people to reach? Explain in simple language.";"Dlaczego badacze wolą losowe próbkowanie zamiast pytania tylko osób najłatwiejszych do osiągnięcia? Wyjaśnij to prostym językiem.";"wyjaśniające"
EXP_008;"Explain to a non-expert why cache makes websites and applications faster.";"Wyjaśnij osobie bez wiedzy technicznej, dlaczego pamięć podręczna przyspiesza działanie stron i aplikacji.";"What does cache do, and why can it speed up software and websites? Explain it for a beginner.";"Co robi pamięć podręczna i dlaczego może przyspieszać działanie programów i stron? Wyjaśnij to początkującej osobie.";"wyjaśniające"
EXP_009;"Explain why the same air temperature can feel different on a dry day and a humid day.";"Wyjaśnij, dlaczego ta sama temperatura powietrza może być odczuwana inaczej w suchy i wilgotny dzień.";"Why can twenty-five degrees feel comfortable one day and exhausting on another day with the same reading? Explain it simply.";"Dlaczego dwadzieścia pięć stopni może jednego dnia być przyjemne, a innego męczące, mimo tego samego odczytu? Wyjaśnij to prosto.";"wyjaśniające"
EXP_010;"Explain why people often keep their beliefs even after seeing evidence against them.";"Wyjaśnij, dlaczego ludzie często trzymają się swoich przekonań nawet po zobaczeniu dowodów im przeczących.";"A person receives information that challenges their opinion but still does not change their mind. Explain why this happens.";"Ktoś dostaje informacje podważające jego opinię, ale nadal jej nie zmienia. Wyjaśnij, dlaczego tak się dzieje.";"wyjaśniające"
EXP_011;"Explain to a beginner why version control is useful even for a small software project.";"Wyjaśnij początkującej osobie, dlaczego kontrola wersji jest przydatna nawet w małym projekcie programistycznym.";"Someone writes code alone and thinks version control is unnecessary. Explain why it still matters.";"Ktoś programuje sam i uważa, że kontrola wersji nie jest potrzebna. Wyjaśnij, dlaczego nadal ma znaczenie.";"wyjaśniające"
EXP_012;"Explain why short term discounts can increase sales without necessarily increasing profit.";"Wyjaśnij, dlaczego krótkoterminowe obniżki cen mogą zwiększać sprzedaż, ale niekoniecznie zysk.";"A store sells more units after a discount, but that does not always mean it earns more money. Explain why.";"Sklep sprzedaje więcej sztuk po obniżce ceny, ale to nie zawsze znaczy, że zarabia więcej. Wyjaśnij dlaczego.";"wyjaśniające"
EXP_013;"Explain in simple language why a large language model can sound confident and still be wrong.";"Wyjaśnij prostym językiem, dlaczego duży model językowy może brzmieć pewnie, a mimo to się mylić.";"Why can an AI system give a fluent and confident answer that is still incorrect? Explain this for a general audience.";"Dlaczego system AI może udzielić płynnej i pewnej odpowiedzi, która nadal jest niepoprawna? Wyjaśnij to ogólnemu odbiorcy.";"wyjaśniające"
EXP_014;"Explain why a team can look efficient in the short term while creating long term problems.";"Wyjaśnij, dlaczego zespół może wyglądać na efektywny w krótkim terminie, a jednocześnie tworzyć problemy długoterminowe.";"How can strong short term performance hide future issues inside a team? Explain in an accessible way.";"Jak dobre wyniki krótkoterminowe mogą ukrywać przyszłe problemy w zespole? Wyjaśnij to w przystępny sposób.";"wyjaśniające"
EXP_015;"Explain to a student why measuring the wrong metric can lead to bad decisions.";"Wyjaśnij studentowi, dlaczego mierzenie niewłaściwej metryki może prowadzić do złych decyzji.";"A person tracks a number very carefully, but it does not reflect the real goal. Explain why this is dangerous.";"Ktoś bardzo dokładnie śledzi pewną liczbę, ale ona nie odzwierciedla prawdziwego celu. Wyjaśnij, dlaczego to jest niebezpieczne.";"wyjaśniające"
EXP_016;"Explain to a high school student why lack of sleep reduces concentration and memory.";"Wyjaśnij uczniowi szkoły średniej, dlaczego brak snu pogarsza koncentrację i pamięć.";"Why does too little sleep make it harder to focus and remember things? Explain it to a teenager.";"Dlaczego zbyt mała ilość snu utrudnia skupienie i zapamiętywanie? Wyjaśnij to nastolatkowi.";"wyjaśniające"
EXP_017;"Explain to a non-expert why cache makes websites and applications faster.";"Wyjaśnij osobie bez wiedzy technicznej, dlaczego pamięć podręczna przyspiesza działanie stron i aplikacji.";"What does cache do, and why can it speed up software and websites? Explain it for a beginner.";"Co robi pamięć podręczna i dlaczego może przyspieszać działanie programów i stron? Wyjaśnij to początkującej osobie.";"wyjaśniające"
EXP_018;"Explain why the same air temperature can feel different on a dry day and a humid day.";"Wyjaśnij, dlaczego ta sama temperatura powietrza może być odczuwana inaczej w suchy i wilgotny dzień.";"Why can twenty-five degrees feel comfortable one day and exhausting on another day with the same reading? Explain it simply.";"Dlaczego dwadzieścia pięć stopni może jednego dnia być przyjemne, a innego męczące, mimo tego samego odczytu? Wyjaśnij to prosto.";"wyjaśniające"
EXP_019;"Explain why people often keep their beliefs even after seeing evidence against them.";"Wyjaśnij, dlaczego ludzie często trzymają się swoich przekonań nawet po zobaczeniu dowodów im przeczących.";"A person receives information that challenges their opinion but still does not change their mind. Explain why this happens.";"Ktoś dostaje informacje podważające jego opinię, ale nadal jej nie zmienia. Wyjaśnij, dlaczego tak się dzieje.";"wyjaśniające"
EXP_020;"Explain why a team can look efficient in the short term while creating long term problems.";"Wyjaśnij, dlaczego zespół może wyglądać na efektywny w krótkim terminie, a jednocześnie tworzyć problemy długoterminowe.";"How can strong short term performance hide future issues inside a team? Explain in an accessible way.";"Jak dobre wyniki krótkoterminowe mogą ukrywać przyszłe problemy w zespole? Wyjaśnij to w przystępny sposób.";"wyjaśniające"
CMP_001;"Compare remote work and office work for a small software team. Focus on productivity, communication, mentoring, and burnout.";"Porównaj pracę zdalną i pracę biurową w małym zespole programistycznym. Skup się na produktywności, komunikacji, mentoringu i wypaleniu.";"For a small software team, compare mostly remote work with mostly office work across output, collaboration, learning, and fatigue.";"Dla małego zespołu programistycznego porównaj pracę głównie zdalną z pracą głównie z biura pod względem efektów, współpracy, nauki i zmęczenia.";"porównawcze"
CMP_002;"Compare public transport and driving as daily commuting options in a large city.";"Porównaj transport publiczny i samochód jako codzienne sposoby dojazdu do pracy w dużym mieście.";"What are the main differences between commuting by car and commuting by public transport in a big city?";"Jakie są główne różnice między dojazdem samochodem a dojazdem transportem publicznym w dużym mieście?" ;"porównawcze"
CMP_003;"Compare learning from an online course with learning in a classroom. Consider motivation, pace, flexibility, and feedback.";"Porównaj naukę z kursu online z nauką w klasie. Weź pod uwagę motywację, tempo, elastyczność i informację zwrotną.";"How does online learning differ from in person learning with respect to structure, independence, speed, and support?" ;"Czym różni się nauka online od nauki stacjonarnej pod względem struktury, samodzielności, tempa i wsparcia?" ;"porównawcze"
CMP_004;"Compare a spreadsheet and a database as tools for managing business data in a small company.";"Porównaj arkusz kalkulacyjny i bazę danych jako narzędzia do zarządzania danymi biznesowymi w małej firmie.";"For a small business, compare using a spreadsheet with using a database for storing and working with data.";"Dla małej firmy porównaj używanie arkusza kalkulacyjnego i bazy danych do przechowywania oraz obsługi danych.";"porównawcze"
CMP_005;"Compare rule based decision systems with machine learning based decision systems.";"Porównaj systemy decyzyjne oparte na regułach z systemami opartymi na uczeniu maszynowym.";"What are the main differences between a fixed rule system and a machine learning system when making decisions?" ;"Jakie są główne różnice między systemem opartym na stałych regułach a systemem uczącym się przy podejmowaniu decyzji?" ;"porównawcze"
CMP_006;"Compare renting a flat and buying a flat for someone planning to stay in one city for the next several years.";"Porównaj wynajem mieszkania i zakup mieszkania z perspektywy osoby planującej zostać w jednym mieście przez kilka najbliższych lat.";"How do renting and buying differ for a person expecting to live in the same city for a medium term period?" ;"Czym różnią się wynajem i zakup dla osoby, która planuje mieszkać w tym samym mieście przez średni okres?" ;"porównawcze"
CMP_007;"Compare an oral exam and a written exam as ways of assessing knowledge.";"Porównaj egzamin ustny i egzamin pisemny jako sposoby sprawdzania wiedzy.";"What are the strengths and weaknesses of oral exams compared with written exams?" ;"Jakie są mocne i słabe strony egzaminów ustnych w porównaniu z egzaminami pisemnymi?" ;"porównawcze"
CMP_008;"Compare a small local shop and a large supermarket from the perspective of both customers and owners.";"Porównaj mały lokalny sklep i duży supermarket z perspektywy klientów oraz właścicieli.";"How does shopping in a neighborhood store differ from shopping in a large supermarket for both buyers and business owners?" ;"Czym różni się robienie zakupów w sklepie osiedlowym od zakupów w dużym supermarkecie z punktu widzenia kupujących i właścicieli?" ;"porównawcze"
CMP_009;"Compare paper books and e books in terms of convenience, cost, and reading experience.";"Porównaj książki papierowe i e-booki pod względem wygody, kosztu i doświadczenia czytania.";"What are the practical differences between reading printed books and reading e books?" ;"Jakie są praktyczne różnice między czytaniem książek drukowanych a czytaniem e-booków?" ;"porównawcze"
CMP_010;"Compare a centrally managed team with a highly autonomous team. Discuss advantages, disadvantages, and risks.";"Porównaj zespół zarządzany centralnie z zespołem o dużej autonomii. Omów zalety, wady i ryzyka.";"How does a tightly controlled team differ from a team with a lot of autonomy?" ;"Czym różni się zespół ściśle kontrolowany od zespołu z dużą autonomią?" ;"porównawcze"
CMP_011;"Compare asynchronous communication and live meetings for coordinating work in a distributed team.";"Porównaj komunikację asynchroniczną i spotkania na żywo jako sposoby koordynowania pracy w rozproszonym zespole.";"For a distributed team, what are the main trade offs between written asynchronous communication and real time meetings?" ;"Dla rozproszonego zespołu jakie są główne kompromisy między komunikacją pisemną asynchroniczną a spotkaniami w czasie rzeczywistym?" ;"porównawcze"
CMP_012;"Compare a general specialist career path with a narrow expert path.";"Porównaj ścieżkę kariery ogólnego specjalisty ze ścieżką wąskiego eksperta.";"How do the benefits and limitations of being a broad generalist compare with those of being a deep specialist?" ;"Jak porównują się korzyści i ograniczenia bycia szerokim generalistą oraz głębokim specjalistą?" ;"porównawcze"
CMP_013;"Compare planning a project in detail at the beginning with planning it iteratively as work progresses.";"Porównaj szczegółowe planowanie projektu na początku z planowaniem iteracyjnym w trakcie pracy.";"What is the difference between making a detailed upfront plan and adjusting the plan step by step during a project?" ;"Jaka jest różnica między tworzeniem szczegółowego planu z góry a dostosowywaniem planu krok po kroku w trakcie projektu?" ;"porównawcze"
CMP_014;"Compare learning by reading theory with learning by solving practical tasks.";"Porównaj naukę przez czytanie teorii z nauką przez rozwiązywanie praktycznych zadań.";"How does studying concepts compare with learning through hands on exercises?" ;"Czym różni się nauka przez studiowanie pojęć od nauki przez praktyczne ćwiczenia?" ;"porównawcze"
CMP_015;"Compare a product designed for maximum simplicity with a product designed for maximum flexibility.";"Porównaj produkt zaprojektowany z myślą o maksymalnej prostocie z produktem zaprojektowanym z myślą o maksymalnej elastyczności.";"What are the trade offs between a very simple product and a highly flexible product?" ;"Jakie są kompromisy między bardzo prostym produktem a produktem o dużej elastyczności?" ;"porównawcze"
CMP_016;"Compare a small local shop and a large supermarket from the perspective of both customers and owners.";"Porównaj mały lokalny sklep i duży supermarket z perspektywy klientów oraz właścicieli.";"How does shopping in a neighborhood store differ from shopping in a large supermarket for both buyers and business owners?" ;"Czym różni się robienie zakupów w sklepie osiedlowym od zakupów w dużym supermarkecie z punktu widzenia kupujących i właścicieli?" ;"porównawcze"
CMP_017;"Compare paper books and e books in terms of convenience, cost, and reading experience.";"Porównaj książki papierowe i e-booki pod względem wygody, kosztu i doświadczenia czytania.";"What are the practical differences between reading printed books and reading e books?" ;"Jakie są praktyczne różnice między czytaniem książek drukowanych a czytaniem e-booków?" ;"porównawcze"
CMP_018;"Compare a centrally managed team with a highly autonomous team. Discuss advantages, disadvantages, and risks.";"Porównaj zespół zarządzany centralnie z zespołem o dużej autonomii. Omów zalety, wady i ryzyka.";"How does a tightly controlled team differ from a team with a lot of autonomy?" ;"Czym różni się zespół ściśle kontrolowany od zespołu z dużą autonomią?" ;"porównawcze"
CMP_019;"Compare planning a project in detail at the beginning with planning it iteratively as work progresses.";"Porównaj szczegółowe planowanie projektu na początku z planowaniem iteracyjnym w trakcie pracy.";"What is the difference between making a detailed upfront plan and adjusting the plan step by step during a project?" ;"Jaka jest różnica między tworzeniem szczegółowego planu z góry a dostosowywaniem planu krok po kroku w trakcie projektu?" ;"porównawcze"
CMP_020;"Compare learning by reading theory with learning by solving practical tasks.";"Porównaj naukę przez czytanie teorii z nauką przez rozwiązywanie praktycznych zadań.";"How does studying concepts compare with learning through hands on exercises?" ;"Czym różni się nauka przez studiowanie pojęć od nauki przez praktyczne ćwiczenia?" ;"porównawcze"
ARG_001;"Should universities allow students to use large language models in take home assignments? Present both sides and give your conclusion.";"Czy uczelnie powinny pozwalać studentom używać dużych modeli językowych przy zadaniach wykonywanych w domu? Przedstaw obie strony i podaj wniosek.";"Universities are debating whether students may use language models for work done outside class. Analyze the strongest arguments for and against, then take a position.";"Uczelnie dyskutują, czy studenci mogą używać modeli językowych przy pracy wykonywanej poza zajęciami. Przeanalizuj najmocniejsze argumenty za i przeciw, a następnie zajmij stanowisko.";"argumentacyjno-decyzyjne"
ARG_002;"Should schools ban smartphones during lessons? Discuss the pros and cons and end with a recommendation.";"Czy szkoły powinny zakazać smartfonów podczas lekcji? Omów plusy i minusy i zakończ rekomendacją.";"Is a full smartphone ban in classrooms a good idea? Present arguments on both sides and make a recommendation.";"Czy całkowity zakaz smartfonów na lekcjach to dobry pomysł? Przedstaw argumenty obu stron i sformułuj rekomendację.";"argumentacyjno-decyzyjne"
ARG_003;"A company is considering a four day workweek. Is this a good direction? Evaluate the benefits and risks before giving a conclusion.";"Firma rozważa czterodniowy tydzień pracy. Czy to dobry kierunek? Oceń korzyści i ryzyka, a następnie wyciągnij wniosek.";"Should an organization move to a four day workweek? Weigh the main advantages and disadvantages and then decide.";"Czy organizacja powinna przejść na czterodniowy tydzień pracy? Zważ główne zalety i wady, a potem podejmij decyzję.";"argumentacyjno-decyzyjne"
ARG_004;"A city wants to reduce car traffic in the center. Does this make sense? Consider social, economic, and environmental effects.";"Miasto chce ograniczyć ruch samochodowy w centrum. Czy to ma sens? Rozważ skutki społeczne, ekonomiczne i środowiskowe.";"Should a city limit car access in the downtown area? Discuss the strongest reasons for and against this policy.";"Czy miasto powinno ograniczyć wjazd samochodów do centrum? Omów najmocniejsze argumenty za i przeciw tej polityce.";"argumentacyjno-decyzyjne"
ARG_005;"A startup must choose between faster growth and earlier profitability. Which path is more reasonable and under what conditions?" ;"Startup musi wybrać między szybszym wzrostem a wcześniejszą rentownością. Która ścieżka jest rozsądniejsza i w jakich warunkach?" ;"A young company cannot optimize for both aggressive growth and near term profit. Which option should it prioritize and why?" ;"Młoda firma nie może jednocześnie maksymalizować agresywnego wzrostu i bliskoterminowego zysku. Którą opcję powinna priorytetowo traktować i dlaczego?" ;"argumentacyjno-decyzyjne"
ARG_006;"Should employers require all employees to be in the office on fixed days each week?" ;"Czy pracodawcy powinni wymagać od wszystkich pracowników obecności w biurze w stałe dni każdego tygodnia?" ;"Is a mandatory shared office schedule a good policy for most organizations? Give balanced arguments and a judgment.";"Czy obowiązkowy wspólny harmonogram obecności w biurze to dobra polityka dla większości organizacji? Podaj wyważone argumenty i ocenę.";"argumentacyjno-decyzyjne"
ARG_007;"A hospital is considering sharing anonymized patient data for research. Should it do so?" ;"Szpital rozważa udostępnianie zanonimizowanych danych pacjentów do badań. Czy powinien to zrobić?" ;"Should anonymized medical data be used for research when patient privacy concerns still exist? Analyze and conclude.";"Czy zanonimizowane dane medyczne powinny być używane do badań mimo istniejących obaw o prywatność pacjentów? Przeanalizuj i zakończ wnioskiem.";"argumentacyjno-decyzyjne"
ARG_008;"Should a public library shift more of its budget from printed books to digital formats?" ;"Czy biblioteka publiczna powinna przesunąć większą część budżetu z książek drukowanych na formaty cyfrowe?" ;"Would it be wise for a public library to invest more in e books and audiobooks at the expense of printed collections?" ;"Czy rozsądne byłoby, aby biblioteka publiczna więcej inwestowała w e-booki i audiobooki kosztem zbiorów drukowanych?" ;"argumentacyjno-decyzyjne"
ARG_009;"A small company is thinking about automating customer support. Is this the right move at its current stage?" ;"Mała firma zastanawia się nad automatyzacją obsługi klienta. Czy to właściwy krok na jej obecnym etapie?" ;"Should a small growing company invest in customer support automation now, or is it too early? Argue both sides and decide.";"Czy mała rosnąca firma powinna już teraz inwestować w automatyzację obsługi klienta, czy to jeszcze za wcześnie? Przedstaw obie strony i zdecyduj.";"argumentacyjno-decyzyjne"
ARG_010;"Is moving to a new city without visiting it first a reasonable decision? Present both sides and your conclusion.";"Czy przeprowadzka do nowego miasta bez wcześniejszej wizyty to rozsądna decyzja? Przedstaw obie strony i swój wniosek.";"A person wants to relocate without seeing the city in advance. Evaluate whether this is sensible and explain your reasoning.";"Pewna osoba chce się przeprowadzić bez wcześniejszego zobaczenia miasta. Oceń, czy to rozsądne, i wyjaśnij swoje rozumowanie.";"argumentacyjno-decyzyjne"
ARG_011;"Should managers prioritize speed of execution over broad team alignment during urgent projects?" ;"Czy managerowie powinni stawiać szybkość działania ponad szerokie uzgodnienie w zespole podczas pilnych projektów?" ;"In a time critical project, is it better to move fast with limited consultation or slower with broad alignment? Analyze and decide.";"W projekcie krytycznym czasowo czy lepiej działać szybko z ograniczonymi konsultacjami, czy wolniej z szerokim uzgodnieniem? Przeanalizuj i zdecyduj.";"argumentacyjno-decyzyjne"
ARG_012;"Should employees be evaluated mainly on outcomes rather than hours worked?" ;"Czy pracownicy powinni być oceniani głównie na podstawie wyników, a nie liczby przepracowanych godzin?" ;"Is outcome based evaluation better than time based evaluation for most jobs? Present arguments on both sides.";"Czy ocena oparta na wynikach jest lepsza niż ocena oparta na czasie pracy dla większości stanowisk? Przedstaw argumenty obu stron.";"argumentacyjno-decyzyjne"
ARG_013;"Should cities provide free public transport funded by higher taxes?" ;"Czy miasta powinny oferować darmowy transport publiczny finansowany z wyższych podatków?" ;"Would free public transport be a good public policy if it required higher taxes? Discuss benefits, drawbacks, and your conclusion.";"Czy darmowy transport publiczny byłby dobrą polityką publiczną, jeśli wymagałby wyższych podatków? Omów korzyści, wady i swój wniosek.";"argumentacyjno-decyzyjne"
ARG_014;"Should beginner programmers rely on AI coding assistants while learning?" ;"Czy początkujący programiści powinni polegać na asystentach AI do kodowania podczas nauki?" ;"Do AI coding tools help beginners learn faster, or do they weaken understanding? Analyze the trade off and give a judgment.";"Czy narzędzia AI do kodowania pomagają początkującym uczyć się szybciej, czy osłabiają zrozumienie? Przeanalizuj kompromis i wydaj ocenę.";"argumentacyjno-decyzyjne"
ARG_015;"Should a company reveal all known limitations of its product in marketing materials?" ;"Czy firma powinna ujawniać wszystkie znane ograniczenia swojego produktu w materiałach marketingowych?" ;"Is full transparency about product limitations in marketing always the right approach? Discuss both sides and conclude.";"Czy pełna przejrzystość dotycząca ograniczeń produktu w marketingu zawsze jest właściwym podejściem? Omów obie strony i zakończ wnioskiem.";"argumentacyjno-decyzyjne"
ARG_016;"A startup must choose between faster growth and earlier profitability. Which path is more reasonable and under what conditions?" ;"Startup musi wybrać między szybszym wzrostem a wcześniejszą rentownością. Która ścieżka jest rozsądniejsza i w jakich warunkach?" ;"A young company cannot optimize for both aggressive growth and near term profit. Which option should it prioritize and why?" ;"Młoda firma nie może jednocześnie maksymalizować agresywnego wzrostu i bliskoterminowego zysku. Którą opcję powinna priorytetowo traktować i dlaczego?" ;"argumentacyjno-decyzyjne"
ARG_017;"A hospital is considering sharing anonymized patient data for research. Should it do so?" ;"Szpital rozważa udostępnianie zanonimizowanych danych pacjentów do badań. Czy powinien to zrobić?" ;"Should anonymized medical data be used for research when patient privacy concerns still exist? Analyze and conclude.";"Czy zanonimizowane dane medyczne powinny być używane do badań mimo istniejących obaw o prywatność pacjentów? Przeanalizuj i zakończ wnioskiem.";"argumentacyjno-decyzyjne"
ARG_018;"Should a public library shift more of its budget from printed books to digital formats?" ;"Czy biblioteka publiczna powinna przesunąć większą część budżetu z książek drukowanych na formaty cyfrowe?" ;"Would it be wise for a public library to invest more in e books and audiobooks at the expense of printed collections?" ;"Czy rozsądne byłoby, aby biblioteka publiczna więcej inwestowała w e-booki i audiobooki kosztem zbiorów drukowanych?" ;"argumentacyjno-decyzyjne"
ARG_019;"Is moving to a new city without visiting it first a reasonable decision? Present both sides and your conclusion.";"Czy przeprowadzka do nowego miasta bez wcześniejszej wizyty to rozsądna decyzja? Przedstaw obie strony i swój wniosek.";"A person wants to relocate without seeing the city in advance. Evaluate whether this is sensible and explain your reasoning.";"Pewna osoba chce się przeprowadzić bez wcześniejszego zobaczenia miasta. Oceń, czy to rozsądne, i wyjaśnij swoje rozumowanie.";"argumentacyjno-decyzyjne"
ARG_020;"Should managers prioritize speed of execution over broad team alignment during urgent projects?" ;"Czy managerowie powinni stawiać szybkość działania ponad szerokie uzgodnienie w zespole podczas pilnych projektów?" ;"In a time critical project, is it better to move fast with limited consultation or slower with broad alignment? Analyze and decide.";"W projekcie krytycznym czasowo czy lepiej działać szybko z ograniczonymi konsultacjami, czy wolniej z szerokim uzgodnieniem? Przeanalizuj i zdecyduj.";"argumentacyjno-decyzyjne"
PRC_001;"Create a realistic twelve week plan for a beginner who wants to learn Python for data analysis.";"Ułóż realistyczny dwunastotygodniowy plan dla początkującej osoby, która chce nauczyć się Pythona do analizy danych.";"Design a practical three month roadmap for someone starting from zero and aiming to use Python for data analysis.";"Zaprojektuj praktyczną trzymiesięczną ścieżkę dla osoby zaczynającej od zera i chcącej używać Pythona do analizy danych.";"proceduralne"
PRC_002;"Propose a step by step onboarding plan for a new analyst during their first week in a small team.";"Zaproponuj plan wdrożenia krok po kroku dla nowego analityka podczas pierwszego tygodnia pracy w małym zespole.";"How should a small analytics team onboard a new person in the first week? Provide a structured plan.";"Jak mały zespół analityczny powinien wdrożyć nową osobę w pierwszym tygodniu? Podaj uporządkowany plan.";"proceduralne"
PRC_003;"Prepare a response procedure for an internal system outage that minimizes confusion and communication failures.";"Przygotuj procedurę reagowania na awarię wewnętrznego systemu, która minimalizuje chaos i błędy komunikacyjne.";"Create a step by step process for handling an internal service outage in an organized way.";"Stwórz krok po kroku proces obsługi awarii wewnętrznej usługi w uporządkowany sposób.";"proceduralne"
PRC_004;"Outline a process for producing a short research report from initial materials to final editing.";"Przedstaw proces przygotowania krótkiego raportu badawczego od materiałów początkowych do końcowej redakcji.";"What sequence of steps should someone follow to turn raw materials into a finished short research report?" ;"Jaką sekwencję kroków należy wykonać, aby zamienić surowe materiały w gotowy krótki raport badawczy?" ;"proceduralne"
PRC_005;"Propose a procedure for selecting a software vendor for a small company with limited technical expertise.";"Zaproponuj procedurę wyboru dostawcy oprogramowania dla małej firmy z ograniczonym doświadczeniem technicznym.";"How should a small non technical company choose a software vendor in a careful and structured way?" ;"Jak mała nietechniczna firma powinna w ostrożny i uporządkowany sposób wybrać dostawcę oprogramowania?" ;"proceduralne"
PRC_006;"Create a plan for moving to another apartment over one weekend while reducing stress and mistakes.";"Stwórz plan przeprowadzki do innego mieszkania w jeden weekend z ograniczeniem stresu i pomyłek.";"What is a practical step by step way to organize a one weekend move?" ;"Jaki jest praktyczny krok po kroku sposób zorganizowania przeprowadzki w jeden weekend?" ;"proceduralne"
PRC_007;"Propose a simple process for running a student survey at a university.";"Zaproponuj prosty proces przeprowadzenia ankiety wśród studentów na uczelni.";"How would you organize a basic university survey from design to data collection and review?" ;"Jak zorganizowałbyś podstawowe badanie ankietowe na uczelni od projektu po zbiór danych i przegląd wyników?" ;"proceduralne"
PRC_008;"Create a plan for preparing a group presentation when three people must deliver one shared talk.";"Stwórz plan przygotowania prezentacji grupowej, gdy trzy osoby mają wygłosić jedno wspólne wystąpienie.";"How should three people organize the work on a shared presentation so the final talk feels coherent?" ;"Jak trzy osoby powinny zorganizować pracę nad wspólną prezentacją, aby końcowe wystąpienie było spójne?" ;"proceduralne"
PRC_009;"Propose a procedure for introducing regular feedback in a small team that has never used it before.";"Zaproponuj procedurę wprowadzenia regularnego feedbacku w małym zespole, który wcześniej z niego nie korzystał.";"What steps should a manager follow to build a healthy feedback routine in a team with no prior habit of feedback?" ;"Jakie kroki powinien podjąć manager, aby zbudować zdrową rutynę feedbacku w zespole, który wcześniej jej nie miał?" ;"proceduralne"
PRC_010;"Create a three month language learning plan for a person working full time and having little free time.";"Stwórz trzymiesięczny plan nauki języka dla osoby pracującej na pełen etat i mającej mało wolnego czasu.";"How should a busy full time worker structure a three month plan for learning a foreign language?" ;"Jak zapracowana osoba pracująca na pełen etat powinna ułożyć trzymiesięczny plan nauki języka obcego?" ;"proceduralne"
PRC_011;"Propose a step by step process for cleaning and organizing a messy shared project folder.";"Zaproponuj proces krok po kroku porządkowania nieuporządkowanego współdzielonego folderu projektowego.";"How would you systematically reorganize a chaotic shared folder so a team can use it efficiently again?" ;"Jak systematycznie uporządkowałbyś chaotyczny współdzielony folder, aby zespół mógł znów efektywnie z niego korzystać?" ;"proceduralne"
PRC_012;"Prepare a procedure for testing a new workflow in a team before rolling it out fully.";"Przygotuj procedurę testowania nowego sposobu pracy w zespole przed pełnym wdrożeniem.";"What process should a team use to pilot a new workflow safely before adopting it everywhere?" ;"Jakiego procesu powinien użyć zespół, aby bezpiecznie przetestować nowy workflow przed wdrożeniem go wszędzie?" ;"proceduralne"
PRC_013;"Create a plan for preparing effectively for an oral exam over two weeks.";"Stwórz plan skutecznego przygotowania do egzaminu ustnego w ciągu dwóch tygodni.";"How should someone organize two weeks of study to prepare well for an oral exam?" ;"Jak ktoś powinien zorganizować dwa tygodnie nauki, aby dobrze przygotować się do egzaminu ustnego?" ;"proceduralne"
PRC_014;"Propose a process for choosing the most important metrics for a new dashboard.";"Zaproponuj proces wyboru najważniejszych metryk do nowego dashboardu.";"What steps should be taken to decide which metrics belong on a new dashboard?" ;"Jakie kroki należy wykonać, aby zdecydować, które metryki powinny znaleźć się na nowym dashboardzie?" ;"proceduralne"
PRC_015;"Create a structured plan for writing a thesis chapter when the literature is already collected but not organized.";"Stwórz uporządkowany plan napisania rozdziału pracy dyplomowej, gdy literatura jest już zebrana, ale nieuporządkowana.";"How should a student turn a pile of collected literature into a coherent thesis chapter?" ;"Jak student powinien zamienić stos zebranej literatury w spójny rozdział pracy dyplomowej?" ;"proceduralne"
PRC_016;"Prepare a response procedure for an internal system outage that minimizes confusion and communication failures.";"Przygotuj procedurę reagowania na awarię wewnętrznego systemu, która minimalizuje chaos i błędy komunikacyjne.";"Create a step by step process for handling an internal service outage in an organized way.";"Stwórz krok po kroku proces obsługi awarii wewnętrznej usługi w uporządkowany sposób.";"proceduralne"
PRC_017;"Outline a process for producing a short research report from initial materials to final editing.";"Przedstaw proces przygotowania krótkiego raportu badawczego od materiałów początkowych do końcowej redakcji.";"What sequence of steps should someone follow to turn raw materials into a finished short research report?" ;"Jaką sekwencję kroków należy wykonać, aby zamienić surowe materiały w gotowy krótki raport badawczy?" ;"proceduralne"
PRC_018;"Propose a simple process for running a student survey at a university.";"Zaproponuj prosty proces przeprowadzenia ankiety wśród studentów na uczelni.";"How would you organize a basic university survey from design to data collection and review?" ;"Jak zorganizowałbyś podstawowe badanie ankietowe na uczelni od projektu po zbiór danych i przegląd wyników?" ;"proceduralne"
PRC_019;"Create a plan for preparing a group presentation when three people must deliver one shared talk.";"Stwórz plan przygotowania prezentacji grupowej, gdy trzy osoby mają wygłosić jedno wspólne wystąpienie.";"How should three people organize the work on a shared presentation so the final talk feels coherent?" ;"Jak trzy osoby powinny zorganizować pracę nad wspólną prezentacją, aby końcowe wystąpienie było spójne?" ;"proceduralne"
PRC_020;"Propose a procedure for introducing regular feedback in a small team that has never used it before.";"Zaproponuj procedurę wprowadzenia regularnego feedbacku w małym zespole, który wcześniej z niego nie korzystał.";"What steps should a manager follow to build a healthy feedback routine in a team with no prior habit of feedback?" ;"Jakie kroki powinien podjąć manager, aby zbudować zdrową rutynę feedbacku w zespole, który wcześniej jej nie miał?" ;"proceduralne"
INT_001;"Read the text and summarize its main point, then explain what decision problem it describes: The city introduced a morning congestion fee for cars entering the center. Traffic fell, buses became more punctual, and pollution decreased slightly. Some shop owners say they lost spontaneous customers. The council is deciding whether to keep, raise, or remove the fee.";"Przeczytaj tekst i streść jego główną myśl, a następnie wyjaśnij, jaki problem decyzyjny opisuje: Miasto wprowadziło poranną opłatę za wjazd samochodem do centrum. Ruch spadł, autobusy stały się bardziej punktualne, a zanieczyszczenie lekko zmalało. Część właścicieli sklepów twierdzi, że straciła przypadkowych klientów. Rada miasta decyduje, czy opłatę utrzymać, podnieść czy usunąć.";"Summarize the passage and identify the central policy trade off: The city introduced a morning congestion fee for cars entering the center. Traffic fell, buses became more punctual, and pollution decreased slightly. Some shop owners say they lost spontaneous customers. The council is deciding whether to keep, raise, or remove the fee.";"Streść fragment i wskaż główny kompromis polityczny: Miasto wprowadziło poranną opłatę za wjazd samochodem do centrum. Ruch spadł, autobusy stały się bardziej punktualne, a zanieczyszczenie lekko zmalało. Część właścicieli sklepów twierdzi, że straciła przypadkowych klientów. Rada miasta decyduje, czy opłatę utrzymać, podnieść czy usunąć.";"interpretacyjne"
INT_002;"Read the text and summarize the key information, then explain the trade off between speed and quality: A company shortened recruitment from six stages to three. Hiring became faster and fewer candidates dropped out. After several months managers noticed more poor hiring decisions. Leadership is considering whether to keep the shorter process or make it longer again.";"Przeczytaj tekst i streść najważniejsze informacje, a następnie wyjaśnij kompromis między szybkością a jakością: Firma skróciła rekrutację z sześciu etapów do trzech. Zatrudnianie stało się szybsze i mniej kandydatów rezygnowało. Po kilku miesiącach managerowie zauważyli więcej nietrafionych decyzji rekrutacyjnych. Kierownictwo zastanawia się, czy utrzymać krótszy proces, czy go ponownie wydłużyć.";"Summarize the passage and interpret the main dilemma: faster hiring but possibly worse hiring accuracy.";"Streść fragment i zinterpretuj główny dylemat: szybsze zatrudnianie, ale być może gorsza trafność decyzji rekrutacyjnych.";"interpretacyjne"
INT_003;"Read the text and explain its main message and the tension between the two groups: A university began recording some classes and making them available online. Many students found this helpful, especially during illness or part time work. Some lecturers observed lower attendance and less engagement in the classroom. The faculty is reconsidering the policy.";"Przeczytaj tekst i wyjaśnij jego główny przekaz oraz napięcie między dwiema grupami: Uczelnia zaczęła nagrywać część zajęć i udostępniać je online. Wielu studentów uznało to za pomocne, zwłaszcza przy chorobie lub pracy. Niektórzy wykładowcy zauważyli niższą frekwencję i mniejsze zaangażowanie na zajęciach. Wydział ponownie rozważa tę politykę.";"Summarize the passage and identify the conflict of interests between convenience and participation.";"Streść tekst i wskaż konflikt interesów między wygodą a uczestnictwem.";"interpretacyjne"
INT_004;"Summarize the text and interpret what may really explain the result: A sales team performed unusually well for two months. The manager credited a new bonus system. Some employees argued that seasonal demand and a few unusually large orders were more important than the bonus change.";"Streść tekst i zinterpretuj, co może naprawdę wyjaśniać ten wynik: Zespół sprzedażowy osiągał wyjątkowo dobre wyniki przez dwa miesiące. Manager przypisał to nowemu systemowi premiowemu. Część pracowników twierdziła, że ważniejsze były sezonowy popyt i kilka niezwykle dużych zamówień.";"Read the passage, summarize it, and explain why the manager may be attributing the outcome too quickly.";"Przeczytaj fragment, streść go i wyjaśnij, dlaczego manager może zbyt szybko przypisywać wynik jednej przyczynie.";"interpretacyjne"
INT_005;"Read the passage, summarize it, and explain why the apparent success is hard to evaluate clearly: After an app update, negative reviews increased in the first week, but active users grew over the next month. The product team called the release successful because the long term metric was positive. Others noted that a marketing campaign ran at the same time.";"Przeczytaj fragment, streść go i wyjaśnij, dlaczego pozorny sukces trudno jednoznacznie ocenić: Po aktualizacji aplikacji liczba negatywnych opinii wzrosła w pierwszym tygodniu, ale liczba aktywnych użytkowników wzrosła w kolejnym miesiącu. Zespół produktowy uznał wdrożenie za udane, bo długoterminowa metryka była dodatnia. Inni zauważyli, że równolegle trwała kampania marketingowa.";"Summarize the text and interpret why the evidence for success may be confounded.";"Streść tekst i zinterpretuj, dlaczego dowody na sukces mogą być zaburzone przez czynnik zewnętrzny.";"interpretacyjne"
INT_006;"Summarize the text and describe the strategic decision facing the organization: A public library saw fewer print book loans but rising demand for e books and audiobooks. At the same time, older readers still preferred printed collections and complained about fewer new physical titles. The director plans to revise next year's budget.";"Streść tekst i opisz strategiczną decyzję, przed którą stoi organizacja: Biblioteka publiczna odnotowała mniej wypożyczeń książek drukowanych, ale rosnące zainteresowanie e-bookami i audiobookami. Jednocześnie starsi czytelnicy nadal preferowali zbiory drukowane i narzekali na mniejszą liczbę nowych tytułów papierowych. Dyrekcja planuje zmienić budżet na przyszły rok.";"Read the passage and explain the main budget trade off it presents.";"Przeczytaj fragment i wyjaśnij główny kompromis budżetowy, który opisuje.";"interpretacyjne"
INT_007;"Read the text, summarize it, and judge whether it mainly describes a communication problem, an organizational problem, or a technological problem: A company introduced a new task management tool. The tool itself worked reliably, but employees entered tasks in inconsistent ways, kept some information in comments, and shared other details in private messages. After a month the team still lacked clarity.";"Przeczytaj tekst, streść go i oceń, czy opisuje on głównie problem komunikacyjny, organizacyjny czy technologiczny: Firma wdrożyła nowe narzędzie do zarządzania zadaniami. Samo narzędzie działało poprawnie, ale pracownicy wpisywali zadania w niespójny sposób, część informacji trzymali w komentarzach, a inne szczegóły przekazywali w prywatnych wiadomościach. Po miesiącu zespół nadal nie miał przejrzystości.";"Summarize the passage and interpret what kind of problem is actually limiting the tool's impact.";"Streść fragment i zinterpretuj, jaki rodzaj problemu naprawdę ogranicza wpływ narzędzia.";"interpretacyjne"
INT_008;"Summarize the text and explain two plausible interpretations: A teacher introduced short quizzes at the beginning of class. Students prepared more often, but some said they were learning in a more mechanical way just for the test. The teacher is unsure whether to continue with the new approach.";"Streść tekst i wyjaśnij dwie wiarygodne interpretacje: Nauczyciel wprowadził krótkie kartkówki na początku zajęć. Studenci częściej się przygotowywali, ale część z nich twierdziła, że uczy się bardziej mechanicznie tylko pod test. Nauczyciel nie jest pewien, czy kontynuować to podejście.";"Read the passage and interpret the trade off between discipline and depth of learning.";"Przeczytaj fragment i zinterpretuj kompromis między dyscypliną a głębokością uczenia się.";"interpretacyjne"
INT_009;"Read the text and explain what measurement problem may be hidden inside it: A company decided that a new training program was effective because the number of completed courses increased after launch. It did not check whether employees performed better at work or whether the final test had simply been made easier.";"Przeczytaj tekst i wyjaśnij, jaki problem pomiarowy może się w nim ukrywać: Firma uznała, że nowy program szkoleniowy jest skuteczny, ponieważ po jego uruchomieniu wzrosła liczba ukończonych kursów. Nie sprawdzono, czy pracownicy rzeczywiście lepiej wykonują pracę ani czy test końcowy nie został po prostu uproszczony.";"Summarize the passage and identify the key weakness in how success is being measured.";"Streść tekst i wskaż główną słabość sposobu mierzenia sukcesu.";"interpretacyjne"
INT_010;"Summarize the fragment and interpret the tension between short term and long term effects: After reducing the number of meetings, employees reported more comfort and more time for individual work. After several weeks some teams became less aligned because important decisions were made in smaller side groups. Leadership is considering adjustments.";"Streść fragment i zinterpretuj napięcie między skutkami krótkoterminowymi i długoterminowymi: Po ograniczeniu liczby spotkań pracownicy zgłaszali większy komfort i więcej czasu na pracę indywidualną. Po kilku tygodniach część zespołów stała się mniej spójna, ponieważ ważne decyzje zapadały w mniejszych pobocznych grupach. Kierownictwo rozważa korekty.";"Read the passage and explain the trade off between efficiency and coordination.";"Przeczytaj fragment i wyjaśnij kompromis między efektywnością a koordynacją.";"interpretacyjne"
INT_011;"Read the text and explain the main issue: A team launched a dashboard with many metrics. Users initially liked the amount of information, but later they stopped using it because they were unsure which numbers mattered most. The team is now considering a simpler redesign.";"Przeczytaj tekst i wyjaśnij główny problem: Zespół uruchomił dashboard z wieloma metrykami. Użytkownicy początkowo polubili ilość informacji, ale później przestali z niego korzystać, bo nie byli pewni, które liczby są najważniejsze. Zespół rozważa teraz prostszy redesign.";"Summarize the passage and interpret why more information may have reduced usefulness.";"Streść fragment i zinterpretuj, dlaczego większa ilość informacji mogła zmniejszyć użyteczność.";"interpretacyjne"
INT_012;"Read the text and summarize it, then identify the central uncertainty: A manager introduced a daily status message requirement. Project visibility improved, but employees reported that the messages became repetitive and added little value after the first weeks. The team is debating whether the routine should stay.";"Przeczytaj tekst i streść go, a następnie wskaż główną niepewność: Manager wprowadził obowiązek codziennej wiadomości statusowej. Widoczność projektu poprawiła się, ale pracownicy twierdzili, że po pierwszych tygodniach wiadomości stały się powtarzalne i mało wartościowe. Zespół zastanawia się, czy utrzymać tę rutynę.";"Summarize the passage and interpret the tension between transparency and overhead.";"Streść fragment i zinterpretuj napięcie między przejrzystością a kosztem dodatkowej pracy.";"interpretacyjne"
INT_013;"Read the passage and explain what kind of mistaken inference someone could make: A school introduced a new reading program and average test scores rose the next semester. During the same period class sizes also became smaller.";"Przeczytaj fragment i wyjaśnij, jaki rodzaj błędnego wniosku ktoś mógłby wyciągnąć: Szkoła wprowadziła nowy program czytania, a średnie wyniki testów wzrosły w następnym semestrze. W tym samym czasie liczebność klas również się zmniejszyła.";"Summarize the text and interpret why the cause of improvement is uncertain.";"Streść tekst i zinterpretuj, dlaczego przyczyna poprawy jest niepewna.";"interpretacyjne"
INT_014;"Read the passage, summarize it, and explain the likely conflict between two goals: A software team added many customization options after user requests. Power users were pleased, but new users found the product harder to understand and onboarding took longer.";"Przeczytaj fragment, streść go i wyjaśnij prawdopodobny konflikt między dwoma celami: Zespół programistyczny dodał wiele opcji personalizacji po prośbach użytkowników. Zaawansowani użytkownicy byli zadowoleni, ale nowi użytkownicy uznali produkt za trudniejszy do zrozumienia, a wdrożenie trwało dłużej.";"Summarize the passage and identify the trade off between flexibility and simplicity.";"Streść fragment i wskaż kompromis między elastycznością a prostotą.";"interpretacyjne"
INT_015;"Read the text and interpret the hidden organizational issue: A team frequently misses deadlines even though members work long hours and report high effort. Task ownership is often unclear and priorities change during the week.";"Przeczytaj tekst i zinterpretuj ukryty problem organizacyjny: Zespół często nie dotrzymuje terminów, mimo że członkowie pracują długo i deklarują duży wysiłek. Odpowiedzialność za zadania bywa niejasna, a priorytety zmieniają się w trakcie tygodnia.";"Summarize the passage and explain why effort alone is not solving the problem.";"Streść fragment i wyjaśnij, dlaczego sam wysiłek nie rozwiązuje problemu.";"interpretacyjne"
INT_016;"Summarize the text and interpret what may really explain the result: A sales team performed unusually well for two months. The manager credited a new bonus system. Some employees argued that seasonal demand and a few unusually large orders were more important than the bonus change.";"Streść tekst i zinterpretuj, co może naprawdę wyjaśniać ten wynik: Zespół sprzedażowy osiągał wyjątkowo dobre wyniki przez dwa miesiące. Manager przypisał to nowemu systemowi premiowemu. Część pracowników twierdziła, że ważniejsze były sezonowy popyt i kilka niezwykle dużych zamówień.";"Read the passage, summarize it, and explain why the manager may be attributing the outcome too quickly.";"Przeczytaj fragment, streść go i wyjaśnij, dlaczego manager może zbyt szybko przypisywać wynik jednej przyczynie.";"interpretacyjne"
INT_017;"Summarize the fragment and interpret the tension between short term and long term effects: After reducing the number of meetings, employees reported more comfort and more time for individual work. After several weeks some teams became less aligned because important decisions were made in smaller side groups. Leadership is considering adjustments.";"Streść fragment i zinterpretuj napięcie między skutkami krótkoterminowymi i długoterminowymi: Po ograniczeniu liczby spotkań pracownicy zgłaszali większy komfort i więcej czasu na pracę indywidualną. Po kilku tygodniach część zespołów stała się mniej spójna, ponieważ ważne decyzje zapadały w mniejszych pobocznych grupach. Kierownictwo rozważa korekty.";"Read the passage and explain the trade off between efficiency and coordination.";"Przeczytaj fragment i wyjaśnij kompromis między efektywnością a koordynacją.";"interpretacyjne"
INT_018;"Read the text and explain the main issue: A team launched a dashboard with many metrics. Users initially liked the amount of information, but later they stopped using it because they were unsure which numbers mattered most. The team is now considering a simpler redesign.";"Przeczytaj tekst i wyjaśnij główny problem: Zespół uruchomił dashboard z wieloma metrykami. Użytkownicy początkowo polubili ilość informacji, ale później przestali z niego korzystać, bo nie byli pewni, które liczby są najważniejsze. Zespół rozważa teraz prostszy redesign.";"Summarize the passage and interpret why more information may have reduced usefulness.";"Streść fragment i zinterpretuj, dlaczego większa ilość informacji mogła zmniejszyć użyteczność.";"interpretacyjne"
INT_019;"Read the text and summarize it, then identify the central uncertainty: A manager introduced a daily status message requirement. Project visibility improved, but employees reported that the messages became repetitive and added little value after the first weeks. The team is debating whether the routine should stay.";"Przeczytaj tekst i streść go, a następnie wskaż główną niepewność: Manager wprowadził obowiązek codziennej wiadomości statusowej. Widoczność projektu poprawiła się, ale pracownicy twierdzili, że po pierwszych tygodniach wiadomości stały się powtarzalne i mało wartościowe. Zespół zastanawia się, czy utrzymać tę rutynę.";"Summarize the passage and interpret the tension between transparency and overhead.";"Streść fragment i zinterpretuj napięcie między przejrzystością a kosztem dodatkowej pracy.";"interpretacyjne"
INT_020;"Read the passage, summarize it, and explain the likely conflict between two goals: A software team added many customization options after user requests. Power users were pleased, but new users found the product harder to understand and onboarding took longer.";"Przeczytaj fragment, streść go i wyjaśnij prawdopodobny konflikt między dwoma celami: Zespół programistyczny dodał wiele opcji personalizacji po prośbach użytkowników. Zaawansowani użytkownicy byli zadowoleni, ale nowi użytkownicy uznali produkt za trudniejszy do zrozumienia, a wdrożenie trwało dłużej.";"Summarize the passage and identify the trade off between flexibility and simplicity.";"Streść fragment i wskaż kompromis między elastycznością a prostotą.";"interpretacyjne"
TRK_001;"Rewrite the following message as a professional email to a manager: hey I am still waiting for the finance numbers so I cannot finish the report today. I will probably send it tomorrow morning.";"Przepisz następującą wiadomość jako profesjonalny e-mail do przełożonego: hej nadal czekam na dane z finansów więc nie mogę dziś skończyć raportu. Prawdopodobnie wyślę go jutro rano.";"Turn the informal note into a formal workplace email: hey I am still waiting for the finance data so the report will likely be ready tomorrow morning rather than today.";"Zamień tę nieformalną notatkę w formalny e-mail służbowy: hej nadal czekam na dane z finansów więc raport będzie raczej gotowy jutro rano niż dzisiaj.";"transformacja_lub_krytyka"
TRK_002;"Rewrite the following statement in a more polite and diplomatic tone: this solution makes no sense and only creates extra problems. We should go back to the previous version.";"Przepisz następujące zdanie w bardziej uprzejmym i dyplomatycznym tonie: to rozwiązanie nie ma sensu i tylko tworzy dodatkowe problemy. Powinniśmy wrócić do poprzedniej wersji.";"Make the message below more tactful and professional: this approach is not working and seems to complicate things. The earlier version may be better.";"Nadaj poniższej wiadomości bardziej taktowny i profesjonalny ton: to podejście nie działa i wydaje się komplikować sprawę. Wcześniejsza wersja może być lepsza.";"transformacja_lub_krytyka"
TRK_003;"Rewrite the following technical message so that a non technical client can understand it: there was a synchronization error between the authorization service and the cache layer, which temporarily caused inconsistent user sessions.";"Przepisz następującą wiadomość techniczną tak, aby zrozumiał ją klient nietechniczny: wystąpił błąd synchronizacji między usługą autoryzacji a warstwą cache, co tymczasowo spowodowało niespójne sesje użytkowników.";"Explain the issue below in plain client friendly language: a synchronization problem between internal services caused temporary session inconsistencies.";"Wyjaśnij poniższy problem prostym językiem przyjaznym dla klienta: problem synchronizacji między usługami wewnętrznymi spowodował tymczasowe niespójności sesji.";"transformacja_lub_krytyka"
TRK_004;"Rewrite the following text in a more formal administrative style: we want to resolve this quickly and it would be best if the documents arrived this week.";"Przepisz następujący tekst w bardziej formalnym stylu urzędowym: chcemy szybko rozwiązać tę sprawę i najlepiej byłoby, gdyby dokumenty dotarły w tym tygodniu.";"Turn the message below into formal administrative language: we would like to complete this matter promptly and preferably receive the documents within the current week.";"Zamień poniższą wiadomość na formalny język urzędowy: chcielibyśmy niezwłocznie zakończyć tę sprawę i najlepiej otrzymać dokumenty w bieżącym tygodniu.";"transformacja_lub_krytyka"
TRK_005;"Shorten the following message into a concise internal note: yesterday we had a meeting about the rollout. Many comments appeared, some people wanted to postpone the launch, but in the end we decided that the documentation should be improved before choosing the release date.";"Skróć następującą wiadomość do zwięzłej notatki wewnętrznej: wczoraj mieliśmy spotkanie o wdrożeniu. Pojawiło się wiele uwag, część osób chciała przesunąć start, ale ostatecznie zdecydowaliśmy, że najpierw trzeba poprawić dokumentację, a dopiero potem wybrać datę uruchomienia.";"Convert the text into a short factual internal summary: the rollout meeting produced many comments, some participants proposed delay, and the team agreed to improve documentation before setting a launch date.";"Przekształć tekst w krótkie rzeczowe podsumowanie wewnętrzne: spotkanie o wdrożeniu przyniosło wiele uwag, część uczestników proponowała opóźnienie, a zespół uzgodnił poprawę dokumentacji przed ustaleniem daty startu.";"transformacja_lub_krytyka"
TRK_006;"Critically assess the reasoning in this paragraph: most employees said in a survey that they like remote work. This proves they are more productive at home, so the company should close the office.";"Oceń krytycznie rozumowanie w tym akapicie: większość pracowników powiedziała w ankiecie, że lubi pracę zdalną. To dowodzi, że są bardziej produktywni w domu, więc firma powinna zamknąć biuro.";"Read the argument and explain its main logical weaknesses: employees prefer remote work, therefore remote work must increase productivity and the office is unnecessary.";"Przeczytaj argument i wyjaśnij jego główne słabości logiczne: pracownicy wolą pracę zdalną, więc praca zdalna musi zwiększać produktywność, a biuro jest niepotrzebne.";"transformacja_lub_krytyka"
TRK_007;"Identify the main flaws in this argument: after we introduced the new sales system, revenue increased, so the system definitely caused the improvement.";"Wskaż główne błędy w tym argumencie: po wprowadzeniu nowego systemu sprzedaży przychody wzrosły, więc system na pewno spowodował poprawę.";"Explain what is missing in the reasoning here and why the conclusion may be too strong: revenue went up after the new sales system was launched, so the system must be the cause.";"Wyjaśnij, czego brakuje w tym rozumowaniu i dlaczego wniosek może być zbyt mocny: przychody wzrosły po uruchomieniu nowego systemu sprzedaży, więc to system musi być przyczyną.";"transformacja_lub_krytyka"
TRK_008;"Critique the following reasoning: our social media post got many likes, so the marketing campaign was effective.";"Skrytykuj następujące rozumowanie: nasz post w mediach społecznościowych dostał wiele polubień, więc kampania marketingowa była skuteczna.";"What is weak about this argument: a post received a lot of likes, therefore the whole campaign worked well.";"Co jest słabe w tym argumencie: post otrzymał dużo polubień, więc cała kampania zadziałała dobrze.";"transformacja_lub_krytyka"
TRK_009;"Evaluate the reasoning in this claim: the two best students in the class take very detailed notes, so every student who wants good grades should take notes in exactly the same way.";"Oceń rozumowanie w tym twierdzeniu: dwaj najlepsi studenci w grupie robią bardzo szczegółowe notatki, więc każdy student chcący mieć dobre oceny powinien notować dokładnie w ten sam sposób.";"Explain the logical weaknesses in this conclusion about study habits based on a small number of successful examples.";"Wyjaśnij logiczne słabości tego wniosku o nawykach nauki opartego na małej liczbie udanych przykładów.";"transformacja_lub_krytyka"
TRK_010;"Analyze the weaknesses in this justification: customers report fewer issues after we added a new FAQ page, so technical support no longer needs further investment.";"Przeanalizuj słabości tego uzasadnienia: klienci zgłaszają mniej problemów po dodaniu nowej strony FAQ, więc wsparcie techniczne nie wymaga już dalszych inwestycji.";"Read the statement and explain why the conclusion may be premature: fewer reported problems after a new FAQ means support can stop improving.";"Przeczytaj stwierdzenie i wyjaśnij, dlaczego wniosek może być przedwczesny: mniej zgłaszanych problemów po nowym FAQ oznacza, że wsparcie może przestać się rozwijać.";"transformacja_lub_krytyka"
TRK_011;"Rewrite the following complaint into a calm and constructive message: nobody understands what is happening in this project and the whole process is a mess.";"Przepisz następującą skargę na spokojną i konstruktywną wiadomość: nikt nie rozumie, co dzieje się w tym projekcie, a cały proces to bałagan.";"Turn the frustrated comment into professional feedback: this project is confusing and the process feels disorganized.";"Zamień tę sfrustrowaną uwagę w profesjonalny feedback: ten projekt jest niejasny, a proces wydaje się niezorganizowany.";"transformacja_lub_krytyka"
TRK_012;"Rewrite the following message for a customer facing announcement: we found a bug and rolled back the release because the deployment broke several parts of the system.";"Przepisz następującą wiadomość jako komunikat dla klientów: znaleźliśmy błąd i wycofaliśmy wdrożenie, ponieważ aktualizacja zepsuła kilka części systemu.";"Turn the internal statement into a clear customer notice: due to a technical issue discovered after release, we reverted the update to preserve service stability.";"Zamień wewnętrzne stwierdzenie w jasny komunikat dla klientów: z powodu problemu technicznego wykrytego po wdrożeniu cofnęliśmy aktualizację, aby zachować stabilność usługi.";"transformacja_lub_krytyka"
TRK_013;"Critically evaluate this reasoning: our team worked longer hours this month, so it is obvious that the project is now healthier.";"Krytycznie oceń to rozumowanie: nasz zespół pracował w tym miesiącu dłużej, więc oczywiste jest, że projekt jest teraz w lepszej kondycji.";"Explain why more hours worked do not automatically prove that a project is healthier.";"Wyjaśnij, dlaczego większa liczba przepracowanych godzin nie dowodzi automatycznie, że projekt jest w lepszej kondycji.";"transformacja_lub_krytyka"
TRK_014;"Assess the weaknesses of this argument: users asked for more features, so adding as many features as possible will make the product better.";"Oceń słabości tego argumentu: użytkownicy prosili o więcej funkcji, więc dodanie jak największej liczby funkcji sprawi, że produkt będzie lepszy.";"What is wrong with the reasoning that more requested features must always improve a product?" ;"Co jest nie tak z rozumowaniem, że więcej pożądanych funkcji musi zawsze ulepszać produkt?" ;"transformacja_lub_krytyka"
TRK_015;"Rewrite the following direct message as a respectful note to a colleague: you sent the files too late again and this blocked the rest of us.";"Przepisz następującą bezpośrednią wiadomość jako uprzejmą notatkę do współpracownika: znowu wysłałeś pliki za późno i zablokowało to resztę zespołu.";"Turn the blunt message into respectful colleague communication: the files arrived later than expected and this delayed the next steps for the team.";"Zamień tę zbyt bezpośrednią wiadomość w uprzejmą komunikację do współpracownika: pliki dotarły później, niż oczekiwano, i opóźniło to kolejne kroki zespołu.";"transformacja_lub_krytyka"
TRK_016;"Shorten the following message into a concise internal note: yesterday we had a meeting about the rollout. Many comments appeared, some people wanted to postpone the launch, but in the end we decided that the documentation should be improved before choosing the release date.";"Skróć następującą wiadomość do zwięzłej notatki wewnętrznej: wczoraj mieliśmy spotkanie o wdrożeniu. Pojawiło się wiele uwag, część osób chciała przesunąć start, ale ostatecznie zdecydowaliśmy, że najpierw trzeba poprawić dokumentację, a dopiero potem wybrać datę uruchomienia.";"Convert the text into a short factual internal summary: the rollout meeting produced many comments, some participants proposed delay, and the team agreed to improve documentation before setting a launch date.";"Przekształć tekst w krótkie rzeczowe podsumowanie wewnętrzne: spotkanie o wdrożeniu przyniosło wiele uwag, część uczestników proponowała opóźnienie, a zespół uzgodnił poprawę dokumentacji przed ustaleniem daty startu.";"transformacja_lub_krytyka"
TRK_017;"Evaluate the reasoning in this claim: the two best students in the class take very detailed notes, so every student who wants good grades should take notes in exactly the same way.";"Oceń rozumowanie w tym twierdzeniu: dwaj najlepsi studenci w grupie robią bardzo szczegółowe notatki, więc każdy student chcący mieć dobre oceny powinien notować dokładnie w ten sam sposób.";"Explain the logical weaknesses in this conclusion about study habits based on a small number of successful examples.";"Wyjaśnij logiczne słabości tego wniosku o nawykach nauki opartego na małej liczbie udanych przykładów.";"transformacja_lub_krytyka"
TRK_018;"Analyze the weaknesses in this justification: customers report fewer issues after we added a new FAQ page, so technical support no longer needs further investment.";"Przeanalizuj słabości tego uzasadnienia: klienci zgłaszają mniej problemów po dodaniu nowej strony FAQ, więc wsparcie techniczne nie wymaga już dalszych inwestycji.";"Read the statement and explain why the conclusion may be premature: fewer reported problems after a new FAQ means support can stop improving.";"Przeczytaj stwierdzenie i wyjaśnij, dlaczego wniosek może być przedwczesny: mniej zgłaszanych problemów po nowym FAQ oznacza, że wsparcie może przestać się rozwijać.";"transformacja_lub_krytyka"
TRK_019;"Rewrite the following message for a customer facing announcement: we found a bug and rolled back the release because the deployment broke several parts of the system.";"Przepisz następującą wiadomość jako komunikat dla klientów: znaleźliśmy błąd i wycofaliśmy wdrożenie, ponieważ aktualizacja zepsuła kilka części systemu.";"Turn the internal statement into a clear customer notice: due to a technical issue discovered after release, we reverted the update to preserve service stability.";"Zamień wewnętrzne stwierdzenie w jasny komunikat dla klientów: z powodu problemu technicznego wykrytego po wdrożeniu cofnęliśmy aktualizację, aby zachować stabilność usługi.";"transformacja_lub_krytyka"
TRK_020;"Critically evaluate this reasoning: our team worked longer hours this month, so it is obvious that the project is now healthier.";"Krytycznie oceń to rozumowanie: nasz zespół pracował w tym miesiącu dłużej, więc oczywiste jest, że projekt jest teraz w lepszej kondycji.";"Explain why more hours worked do not automatically prove that a project is healthier.";"Wyjaśnij, dlaczego większa liczba przepracowanych godzin nie dowodzi automatycznie, że projekt jest w lepszej kondycji.";"transformacja_lub_krytyka"
